{
    "Result": {
        "basePositionX": 640.0,
        "basePositionY": 360.0,
        "number1ScaleX": 0.05000000074505806,
        "number1ScaleY": 0.5,
        "number1X": 525.0,
        "number1Y": 292.0,
        "number2ScaleX": 0.05000000074505806,
        "number2ScaleY": 0.5,
        "number2X": 570.0,
        "number2Y": 292.0,
        "number3ScaleX": 0.05000000074505806,
        "number3ScaleY": 0.5,
        "number3X": 615.0,
        "number3Y": 292.0,
        "number4ScaleX": 0.05000000074505806,
        "number4ScaleY": 0.5,
        "number4X": 660.0,
        "number4Y": 292.0,
        "number5ScaleX": 0.05000000074505806,
        "number5ScaleY": 0.5,
        "number5X": 705.0,
        "number5Y": 292.0,
        "number6ScaleX": 0.05000000074505806,
        "number6ScaleY": 0.5,
        "number6X": 750.0,
        "number6Y": 292.0,
        "starBlankPositionX_1": 500.0,
        "starBlankPositionX_2": 640.0,
        "starBlankPositionX_3": 780.0,
        "starBlankPositionY_1": 200.0,
        "starBlankPositionY_2": 200.0,
        "starBlankPositionY_3": 200.0,
        "starPositionX_1": 515.0,
        "starPositionX_2": 640.0,
        "starPositionX_3": 765.0,
        "starPositionY_1": 189.0,
        "starPositionY_2": 155.0,
        "starPositionY_3": 189.0
    }
}
